{"mockup":{"controls":{"control":[{"ID":"2466","typeID":"Arrow","zOrder":"0","w":"1","h":"81","measuredW":"150","measuredH":"100","x":"859","y":"4412","properties":{"curvature":"0","leftArrow":"false","rightArrow":"false","stroke":"dotted","color":"10027263","p0":{"x":0,"y":0},"p1":{"x":0.49999999999999994,"y":0},"p2":{"x":0,"y":81.09090909090901}}},{"ID":"2471","typeID":"Arrow","zOrder":"1","w":"1234","h":"1","measuredW":"150","measuredH":"100","x":"239","y":"413","properties":{"curvature":"0","leftArrow":"false","rightArrow":"false","color":"4273622","p0":{"x":-0.3879633062732637,"y":0},"p1":{"x":0.4999449522687742,"y":0.0003335799224988863},"p2":{"x":1233.8055670724293,"y":0}}},{"ID":"2472","typeID":"Canvas","zOrder":"45","w":"293","h":"50","measuredW":"100","measuredH":"70","x":"407","y":"387","properties":{"color":"16776960"}},{"ID":"2475","typeID":"Label","zOrder":"4","measuredW":"260","measuredH":"48","x":"730","y":"227","properties":{"text":"Code Reviews","size":"40"}},{"ID":"2476","typeID":"Canvas","zOrder":"5","w":"361","h":"150","measuredW":"100","measuredH":"70","x":"1116","y":"188"},{"ID":"2477","typeID":"Label","zOrder":"6","measuredW":"332","measuredH":"26","x":"1132","y":"206","properties":{"text":"Find the detailed version of this checklist","size":"18"}},{"ID":"2478","typeID":"Label","zOrder":"7","measuredW":"318","measuredH":"26","x":"1132","y":"234","properties":{"size":"18","text":"With details on how to implement these"}},{"ID":"2479","typeID":"__group__","zOrder":"8","measuredW":"329","measuredH":"51","w":"329","h":"51","x":"1132","y":"270","properties":{"controlName":"ext_link:roadmap.sh"},"children":{"controls":{"control":[{"ID":"0","typeID":"Canvas","zOrder":"0","w":"329","h":"51","measuredW":"100","measuredH":"70","x":"0","y":"0","properties":{"color":"4273622","borderColor":"4273622"}},{"ID":"1","typeID":"Label","zOrder":"1","measuredW":"172","measuredH":"28","x":"79","y":"12","properties":{"color":"16777215","size":"20","text":"https://roadmap.sh"}}]}}},{"ID":"2480","typeID":"Canvas","zOrder":"9","w":"373","h":"169","measuredW":"100","measuredH":"70","x":"225","y":"168"},{"ID":"2481","typeID":"__group__","zOrder":"10","measuredW":"160","measuredH":"27","w":"160","h":"27","x":"255","y":"242","properties":{"controlName":"ext_link:roadmap.sh/roadmaps"},"children":{"controls":{"control":[{"ID":"0","typeID":"Label","zOrder":"0","measuredW":"127","measuredH":"26","x":"33","y":"0","properties":{"size":"18","text":"Visit Roadmaps"}},{"ID":"1","typeID":"__group__","zOrder":"1","measuredW":"24","measuredH":"24","w":"24","h":"24","x":"0","y":"3","children":{"controls":{"control":[{"ID":"0","typeID":"Icon","zOrder":"0","measuredW":"24","measuredH":"24","x":"0","y":"0","properties":{"color":"16777215","icon":{"ID":"circle","size":"small"}}},{"ID":"1","typeID":"Icon","zOrder":"1","measuredW":"24","measuredH":"24","x":"0","y":"0","properties":{"color":"10066329","icon":{"ID":"check-circle","size":"small"}}}]}}}]}}},{"ID":"2482","typeID":"__group__","zOrder":"11","measuredW":"203","measuredH":"27","w":"203","h":"27","x":"255","y":"278","properties":{"controlName":"ext_link:roadmap.sh/best-practices"},"children":{"controls":{"control":[{"ID":"0","typeID":"Label","zOrder":"0","measuredW":"170","measuredH":"26","x":"33","y":"0","properties":{"size":"18","text":"Other Best Practices"}},{"ID":"1","typeID":"__group__","zOrder":"1","measuredW":"24","measuredH":"24","w":"24","h":"24","x":"0","y":"3","children":{"controls":{"control":[{"ID":"0","typeID":"Icon","zOrder":"0","measuredW":"24","measuredH":"24","x":"0","y":"0","properties":{"color":"16777215","icon":{"ID":"circle","size":"small"}}},{"ID":"1","typeID":"Icon","zOrder":"1","measuredW":"24","measuredH":"24","x":"0","y":"0","properties":{"color":"10066329","icon":{"ID":"check-circle","size":"small"}}}]}}}]}}},{"ID":"2483","typeID":"Label","zOrder":"12","measuredW":"150","measuredH":"32","x":"255","y":"192","properties":{"size":"24","text":"More Content"}},{"ID":"2484","typeID":"Arrow","zOrder":"13","w":"1","h":"76","measuredW":"150","measuredH":"100","x":"859","y":"135","properties":{"curvature":"0","leftArrow":"false","rightArrow":"false","p0":{"x":0,"y":0},"p1":{"x":0.49999999999999994,"y":0},"p2":{"x":0,"y":76.17275043077757},"stroke":"dotted","color":"10027263"}},{"ID":"2563","typeID":"Label","zOrder":"46","measuredW":"190","measuredH":"28","x":"459","y":"398","properties":{"size":"20","text":"Team Wide Practices"}},{"ID":"2564","typeID":"Arrow","zOrder":"14","w":"1","h":"123","measuredW":"150","measuredH":"100","x":"859","y":"288","properties":{"curvature":"0","leftArrow":"false","rightArrow":"false","color":"4273622","p0":{"x":0,"y":-0.48484848484849863},"p1":{"x":0.5,"y":0},"p2":{"x":0,"y":122.37977858123031}}},{"ID":"2655","typeID":"Arrow","zOrder":"47","w":"1","h":"793","measuredW":"150","measuredH":"100","x":"237","y":"413","properties":{"curvature":"0","leftArrow":"false","rightArrow":"false","color":"4273622","p0":{"x":0,"y":-0.48484848484849863},"p1":{"x":0.5,"y":0},"p2":{"x":0,"y":792.1520096524373}}},{"ID":"2656","typeID":"Arrow","zOrder":"48","w":"1224","h":"1","measuredW":"150","measuredH":"100","x":"239","y":"1206","properties":{"curvature":"0","leftArrow":"false","rightArrow":"false","color":"4273622","p0":{"x":0,"y":0},"p1":{"x":0.4998545777165489,"y":0.00028245338618605997},"p2":{"x":1223,"y":0}}},{"ID":"2657","typeID":"Canvas","zOrder":"49","w":"355","h":"50","measuredW":"100","measuredH":"70","x":"389","y":"1182","properties":{"color":"16776960"}},{"ID":"2658","typeID":"Label","zOrder":"50","measuredW":"266","measuredH":"28","x":"434","y":"1193","properties":{"size":"20","text":"During Development (Author)"}},{"ID":"2677","typeID":"Arrow","zOrder":"69","w":"1","h":"886","measuredW":"150","measuredH":"100","x":"1462","y":"1207","properties":{"curvature":"0","leftArrow":"false","rightArrow":"false","color":"4273622","p0":{"x":0,"y":-0.48484848484849863},"p1":{"x":0.5,"y":0},"p2":{"x":0,"y":885.5470493335324}}},{"ID":"2678","typeID":"Arrow","zOrder":"70","w":"1236","h":"1","measuredW":"150","measuredH":"100","x":"225","y":"1684","properties":{"curvature":"0","leftArrow":"false","rightArrow":"false","color":"4273622","p0":{"x":0,"y":0},"p1":{"x":0.4999101217590421,"y":0.0002824717439428831},"p2":{"x":1235,"y":0}}},{"ID":"2679","typeID":"Canvas","zOrder":"71","w":"355","h":"50","measuredW":"100","measuredH":"70","x":"376","y":"1660","properties":{"color":"16776960"}},{"ID":"2680","typeID":"Label","zOrder":"72","measuredW":"283","measuredH":"28","x":"412","y":"1671","properties":{"size":"20","text":"After the Development (Author)"}},{"ID":"2695","typeID":"Arrow","zOrder":"87","w":"1236","h":"1","measuredW":"150","measuredH":"100","x":"225","y":"2092","properties":{"curvature":"0","leftArrow":"false","rightArrow":"false","color":"4273622","p0":{"x":0,"y":0},"p1":{"x":0.4999101217590421,"y":0.0002824717439428831},"p2":{"x":1235,"y":0}}},{"ID":"2696","typeID":"Canvas","zOrder":"88","w":"355","h":"50","measuredW":"100","measuredH":"70","x":"372","y":"2067","properties":{"color":"16776960"}},{"ID":"2697","typeID":"Label","zOrder":"89","measuredW":"264","measuredH":"28","x":"408","y":"2078","properties":{"size":"20","text":"Before Reviewing (Reviewer)"}},{"ID":"2714","typeID":"Arrow","zOrder":"106","w":"1","h":"1123","measuredW":"150","measuredH":"100","x":"225","y":"2094","properties":{"curvature":"0","leftArrow":"false","rightArrow":"false","color":"4273622","p0":{"x":0,"y":-0.48484848484849863},"p1":{"x":0.5,"y":0},"p2":{"x":0,"y":1122.2949887323225}}},{"ID":"2719","typeID":"Arrow","zOrder":"107","w":"1236","h":"1","measuredW":"150","measuredH":"100","x":"225","y":"2569","properties":{"curvature":"0","leftArrow":"false","rightArrow":"false","color":"4273622","p0":{"x":0,"y":0},"p1":{"x":0.4999101217590421,"y":0.0002824717439428831},"p2":{"x":1235,"y":0}}},{"ID":"2720","typeID":"Canvas","zOrder":"108","w":"355","h":"50","measuredW":"100","measuredH":"70","x":"372","y":"2544","properties":{"color":"16776960"}},{"ID":"2721","typeID":"Label","zOrder":"109","measuredW":"291","measuredH":"28","x":"404","y":"2555","properties":{"size":"20","text":"During Code Review (Reviewer)"}},{"ID":"2753","typeID":"Arrow","zOrder":"138","w":"1236","h":"1","measuredW":"150","measuredH":"100","x":"225","y":"3215","properties":{"curvature":"0","leftArrow":"false","rightArrow":"false","color":"4273622","p0":{"x":0,"y":0},"p1":{"x":0.4999101217590421,"y":0.0002824717439428831},"p2":{"x":1235,"y":0}}},{"ID":"2754","typeID":"Canvas","zOrder":"139","w":"355","h":"50","measuredW":"100","measuredH":"70","x":"348","y":"3189","properties":{"color":"16776960"}},{"ID":"2755","typeID":"Label","zOrder":"140","measuredW":"283","measuredH":"28","x":"384","y":"3200","properties":{"size":"20","text":"After the Code Review (Author)"}},{"ID":"2768","typeID":"Arrow","zOrder":"153","w":"1","h":"735","measuredW":"150","measuredH":"100","x":"1462","y":"3216","properties":{"curvature":"0","leftArrow":"false","rightArrow":"false","color":"4273622","p0":{"x":0,"y":-0.48484848484849863},"p1":{"x":0.5,"y":0},"p2":{"x":0,"y":734.4572997643622}}},{"ID":"2769","typeID":"Arrow","zOrder":"154","w":"1236","h":"1","measuredW":"150","measuredH":"100","x":"227","y":"3583","properties":{"curvature":"0","leftArrow":"false","rightArrow":"false","color":"4273622","p0":{"x":0,"y":0},"p1":{"x":0.4999101217590421,"y":0.0002824717439428831},"p2":{"x":1235,"y":0}}},{"ID":"2770","typeID":"Canvas","zOrder":"155","w":"372","h":"50","measuredW":"100","measuredH":"70","x":"344","y":"3559","properties":{"color":"16776960"}},{"ID":"2771","typeID":"Label","zOrder":"156","measuredW":"308","measuredH":"28","x":"376","y":"3570","properties":{"size":"20","text":"After the Code Review (Reviewer)"}},{"ID":"2784","typeID":"Arrow","zOrder":"169","w":"1236","h":"1","measuredW":"150","measuredH":"100","x":"227","y":"3952","properties":{"curvature":"0","leftArrow":"false","rightArrow":"false","color":"4273622","p0":{"x":0,"y":0},"p1":{"x":0.4999101217590421,"y":0.0002824717439428831},"p2":{"x":1235,"y":0}}},{"ID":"2785","typeID":"Canvas","zOrder":"170","w":"372","h":"50","measuredW":"100","measuredH":"70","x":"344","y":"3928","properties":{"color":"16776960"}},{"ID":"2786","typeID":"Label","zOrder":"171","measuredW":"311","measuredH":"28","x":"376","y":"3939","properties":{"size":"20","text":"After Approval (Author / Reviewer)"}},{"ID":"2795","typeID":"Arrow","zOrder":"180","w":"1","h":"282","measuredW":"150","measuredH":"100","x":"226","y":"3952","properties":{"curvature":"0","leftArrow":"false","rightArrow":"false","color":"4273622","p0":{"x":0,"y":-0.48484848484849863},"p1":{"x":0.5,"y":0},"p2":{"x":0,"y":281.83656863446413}}},{"ID":"2796","typeID":"Arrow","zOrder":"181","w":"633","h":"1","measuredW":"150","measuredH":"100","x":"226","y":"4233","properties":{"curvature":"0","leftArrow":"false","rightArrow":"false","color":"4273622","p0":{"x":0,"y":0},"p1":{"x":0.4999101217590421,"y":0.0002824717439428831},"p2":{"x":633.1902987999596,"y":0}}},{"ID":"2797","typeID":"Arrow","zOrder":"182","w":"1","h":"92","measuredW":"150","measuredH":"100","x":"859","y":"4234","properties":{"curvature":"0","leftArrow":"false","rightArrow":"false","color":"4273622","p0":{"x":0,"y":-0.48484848484849863},"p1":{"x":0.5,"y":0},"p2":{"x":0,"y":91.64625415628961}}},{"ID":"2798","typeID":"Label","zOrder":"183","measuredW":"211","measuredH":"40","x":"754","y":"4348","properties":{"text":"Keep Shipping","size":"32"}},{"ID":"2800","typeID":"Arrow","zOrder":"184","w":"75","h":"1","measuredW":"150","measuredH":"100","x":"201","y":"372","properties":{"curvature":"0","leftArrow":"false","rightArrow":"false","stroke":"dotted","color":"16777215","p0":{"x":0,"y":0},"p1":{"x":0.4999999999999999,"y":0},"p2":{"x":75.31007493951245,"y":0}}},{"ID":"2801","typeID":"Label","zOrder":"185","measuredW":"171","measuredH":"48","x":"1264","y":"442","properties":{"size":"40","text":"Everyone","color":"13421772"}},{"ID":"2802","typeID":"Label","zOrder":"186","measuredW":"118","measuredH":"48","x":"1317","y":"1242","properties":{"size":"40","color":"13421772","text":"Author"}},{"ID":"2805","typeID":"Label","zOrder":"187","measuredW":"118","measuredH":"48","x":"1317","y":"1710","properties":{"size":"40","color":"13421772","text":"Author"}},{"ID":"2806","typeID":"Label","zOrder":"188","measuredW":"169","measuredH":"48","x":"1266","y":"2137","properties":{"size":"40","color":"13421772","text":"Reviewer"}},{"ID":"2807","typeID":"Label","zOrder":"189","measuredW":"169","measuredH":"48","x":"1266","y":"2604","properties":{"size":"40","color":"13421772","text":"Reviewer"}},{"ID":"2808","typeID":"Label","zOrder":"190","measuredW":"118","measuredH":"48","x":"1317","y":"3249","properties":{"size":"40","color":"13421772","text":"Author"}},{"ID":"2810","typeID":"Label","zOrder":"191","measuredW":"169","measuredH":"48","x":"1266","y":"3609","properties":{"size":"40","color":"13421772","text":"Reviewer"}},{"ID":"2811","typeID":"Label","zOrder":"192","measuredW":"327","measuredH":"48","x":"1108","y":"3988","properties":{"color":"13421772","size":"40","text":"Author / Reviewer"}},{"ID":"2812","typeID":"__group__","zOrder":"3","measuredW":"474","measuredH":"28","w":"474","h":"28","x":"334","y":"483","properties":{"controlName":"document-process"},"children":{"controls":{"control":[{"ID":"0","typeID":"Label","zOrder":"0","measuredW":"474","measuredH":"28","x":"0","y":"0","properties":{"text":"Document and standardize the code review process.","size":"20"}}]}}},{"ID":"2813","typeID":"__group__","zOrder":"2","measuredW":"30","measuredH":"30","w":"30","h":"30","x":"288","y":"482","properties":{"controlName":"check:document-process"},"children":{"controls":{"control":[{"ID":"0","typeID":"TextArea","zOrder":"0","w":"30","h":"30","measuredW":"200","measuredH":"140","x":"0","y":"0"}]}}},{"ID":"2814","typeID":"__group__","zOrder":"16","measuredW":"552","measuredH":"28","w":"552","h":"28","x":"334","y":"525","properties":{"controlName":"code-review-purpose"},"children":{"controls":{"control":[{"ID":"0","typeID":"Label","zOrder":"0","measuredW":"552","measuredH":"28","x":"0","y":"0","properties":{"text":"Ensure that the purpose of code reviews is clear to everyone.","size":"20"}}]}}},{"ID":"2815","typeID":"__group__","zOrder":"15","measuredW":"30","measuredH":"30","w":"30","h":"30","x":"288","y":"524","properties":{"controlName":"check:code-review-purpose"},"children":{"controls":{"control":[{"ID":"0","typeID":"TextArea","zOrder":"0","w":"30","h":"30","measuredW":"200","measuredH":"140","x":"0","y":"0"}]}}},{"ID":"2816","typeID":"__group__","zOrder":"38","measuredW":"630","measuredH":"28","w":"630","h":"28","x":"334","y":"565","properties":{"controlName":"definition-of-done"},"children":{"controls":{"control":[{"ID":"0","typeID":"Label","zOrder":"0","measuredW":"630","measuredH":"28","x":"0","y":"0","properties":{"text":"Ensure that “Definition of Done” is documented and clear to everyone","size":"20"}}]}}},{"ID":"2817","typeID":"__group__","zOrder":"37","measuredW":"30","measuredH":"30","w":"30","h":"30","x":"288","y":"564","properties":{"controlName":"check:definition-of-done"},"children":{"controls":{"control":[{"ID":"0","typeID":"TextArea","zOrder":"0","w":"30","h":"30","measuredW":"200","measuredH":"140","x":"0","y":"0"}]}}},{"ID":"2819","typeID":"__group__","zOrder":"34","measuredW":"516","measuredH":"28","w":"516","h":"28","x":"334","y":"610","properties":{"controlName":"encourage-participation"},"children":{"controls":{"control":[{"ID":"0","typeID":"Label","zOrder":"0","measuredW":"516","measuredH":"28","x":"0","y":"0","properties":{"text":"Encourage team members to participate in code reviews.","size":"20"}}]}}},{"ID":"2820","typeID":"__group__","zOrder":"33","measuredW":"30","measuredH":"30","w":"30","h":"30","x":"288","y":"609","properties":{"controlName":"check:encourage-participation"},"children":{"controls":{"control":[{"ID":"0","typeID":"TextArea","zOrder":"0","w":"30","h":"30","measuredW":"200","measuredH":"140","x":"0","y":"0"}]}}},{"ID":"2821","typeID":"__group__","zOrder":"18","measuredW":"496","measuredH":"28","w":"496","h":"28","x":"334","y":"652","properties":{"controlName":"conflict-resolution"},"children":{"controls":{"control":[{"ID":"0","typeID":"Label","zOrder":"0","measuredW":"496","measuredH":"28","x":"0","y":"0","properties":{"text":"Define a process for conflict resolution in code reviews.","size":"20"}}]}}},{"ID":"2822","typeID":"__group__","zOrder":"17","measuredW":"30","measuredH":"30","w":"30","h":"30","x":"288","y":"651","properties":{"controlName":"check:conflict-resolution"},"children":{"controls":{"control":[{"ID":"0","typeID":"TextArea","zOrder":"0","w":"30","h":"30","measuredW":"200","measuredH":"140","x":"0","y":"0"}]}}},{"ID":"2823","typeID":"__group__","zOrder":"20","measuredW":"448","measuredH":"28","w":"448","h":"28","x":"334","y":"692","properties":{"controlName":"style-guide-preferences"},"children":{"controls":{"control":[{"ID":"0","typeID":"Label","zOrder":"0","measuredW":"448","measuredH":"28","x":"0","y":"0","properties":{"text":"Have a definitive style guide for style preferences.","size":"20"}}]}}},{"ID":"2824","typeID":"__group__","zOrder":"19","measuredW":"30","measuredH":"30","w":"30","h":"30","x":"288","y":"691","properties":{"controlName":"check:style-guide-preferences"},"children":{"controls":{"control":[{"ID":"0","typeID":"TextArea","zOrder":"0","w":"30","h":"30","measuredW":"200","measuredH":"140","x":"0","y":"0"}]}}},{"ID":"2825","typeID":"__group__","zOrder":"22","measuredW":"595","measuredH":"28","w":"595","h":"28","x":"335","y":"734","properties":{"controlName":"use-automation"},"children":{"controls":{"control":[{"ID":"0","typeID":"Label","zOrder":"0","measuredW":"595","measuredH":"28","x":"0","y":"0","properties":{"text":"Use automation to speed up the code reviews (linting, sniffing etc)","size":"20"}}]}}},{"ID":"2826","typeID":"__group__","zOrder":"21","measuredW":"30","measuredH":"30","w":"30","h":"30","x":"288","y":"733","properties":{"controlName":"check:use-automation"},"children":{"controls":{"control":[{"ID":"0","typeID":"TextArea","zOrder":"0","w":"30","h":"30","measuredW":"200","measuredH":"140","x":"0","y":"0"}]}}},{"ID":"2827","typeID":"__group__","zOrder":"24","measuredW":"509","measuredH":"28","w":"509","h":"28","x":"335","y":"775","properties":{"controlName":"set-clear-expectations"},"children":{"controls":{"control":[{"ID":"0","typeID":"Label","zOrder":"0","measuredW":"509","measuredH":"28","x":"0","y":"0","properties":{"text":"Set clear expectations for code review turnaround times.","size":"20"}}]}}},{"ID":"2828","typeID":"__group__","zOrder":"23","measuredW":"30","measuredH":"30","w":"30","h":"30","x":"288","y":"774","properties":{"controlName":"check:set-clear-expectations"},"children":{"controls":{"control":[{"ID":"0","typeID":"TextArea","zOrder":"0","w":"30","h":"30","measuredW":"200","measuredH":"140","x":"0","y":"0"}]}}},{"ID":"2829","typeID":"__group__","zOrder":"26","measuredW":"629","measuredH":"28","w":"629","h":"28","x":"336","y":"816","properties":{"controlName":"adequate-review-time"},"children":{"controls":{"control":[{"ID":"0","typeID":"Label","zOrder":"0","measuredW":"629","measuredH":"28","x":"0","y":"0","properties":{"text":"Provide adequate time for code reviews and ensure that it is a priority.","size":"20"}}]}}},{"ID":"2830","typeID":"__group__","zOrder":"25","measuredW":"30","measuredH":"30","w":"30","h":"30","x":"288","y":"815","properties":{"controlName":"check:adequate-review-time"},"children":{"controls":{"control":[{"ID":"0","typeID":"TextArea","zOrder":"0","w":"30","h":"30","measuredW":"200","measuredH":"140","x":"0","y":"0"}]}}},{"ID":"2831","typeID":"__group__","zOrder":"28","measuredW":"648","measuredH":"28","w":"648","h":"28","x":"336","y":"857","properties":{"controlName":"knowledge-sharing"},"children":{"controls":{"control":[{"ID":"0","typeID":"Label","zOrder":"0","measuredW":"648","measuredH":"28","x":"0","y":"0","properties":{"text":"Use code reviews as an opportunity for knowledge sharing and learning.","size":"20"}}]}}},{"ID":"2832","typeID":"__group__","zOrder":"27","measuredW":"30","measuredH":"30","w":"30","h":"30","x":"288","y":"856","properties":{"controlName":"check:knowledge-sharing"},"children":{"controls":{"control":[{"ID":"0","typeID":"TextArea","zOrder":"0","w":"30","h":"30","measuredW":"200","measuredH":"140","x":"0","y":"0"}]}}},{"ID":"2833","typeID":"__group__","zOrder":"36","measuredW":"690","measuredH":"28","w":"690","h":"28","x":"336","y":"898","properties":{"controlName":"cross-functional-knowledge"},"children":{"controls":{"control":[{"ID":"0","typeID":"Label","zOrder":"0","measuredW":"690","measuredH":"28","x":"0","y":"0","properties":{"text":"Encourage reviewing code in unknown-areas for cross-functional knowledge.","size":"20"}}]}}},{"ID":"2834","typeID":"__group__","zOrder":"35","measuredW":"30","measuredH":"30","w":"30","h":"30","x":"288","y":"897","properties":{"controlName":"check:cross-functional-knowledge"},"children":{"controls":{"control":[{"ID":"0","typeID":"TextArea","zOrder":"0","w":"30","h":"30","measuredW":"200","measuredH":"140","x":"0","y":"0"}]}}},{"ID":"2835","typeID":"__group__","zOrder":"30","measuredW":"481","measuredH":"28","w":"481","h":"28","x":"336","y":"940","properties":{"controlName":"monitor-reviews"},"children":{"controls":{"control":[{"ID":"0","typeID":"Label","zOrder":"0","measuredW":"481","measuredH":"28","x":"0","y":"0","properties":{"text":"Constantly monitor and improve code review process.","size":"20"}}]}}},{"ID":"2836","typeID":"__group__","zOrder":"29","measuredW":"30","measuredH":"30","w":"30","h":"30","x":"288","y":"939","properties":{"controlName":"check:monitor-reviews"},"children":{"controls":{"control":[{"ID":"0","typeID":"TextArea","zOrder":"0","w":"30","h":"30","measuredW":"200","measuredH":"140","x":"0","y":"0"}]}}},{"ID":"2837","typeID":"__group__","zOrder":"32","measuredW":"645","measuredH":"28","w":"645","h":"28","x":"337","y":"980","properties":{"controlName":"recognition-rewards"},"children":{"controls":{"control":[{"ID":"0","typeID":"Label","zOrder":"0","measuredW":"645","measuredH":"28","x":"0","y":"0","properties":{"text":"Recognition and rewards for those with track record of quality feedback.","size":"20"}}]}}},{"ID":"2838","typeID":"__group__","zOrder":"31","measuredW":"30","measuredH":"30","w":"30","h":"30","x":"288","y":"979","properties":{"controlName":"check:recognition-rewards"},"children":{"controls":{"control":[{"ID":"0","typeID":"TextArea","zOrder":"0","w":"30","h":"30","measuredW":"200","measuredH":"140","x":"0","y":"0"}]}}},{"ID":"2839","typeID":"__group__","zOrder":"40","measuredW":"828","measuredH":"28","w":"828","h":"28","x":"337","y":"1022","properties":{"controlName":"no-one-way-process"},"children":{"controls":{"control":[{"ID":"0","typeID":"Label","zOrder":"0","measuredW":"828","measuredH":"28","x":"0","y":"0","properties":{"text":"Encourage communication/collaboration; avoid treating code reviews as a one-way process.","size":"20"}}]}}},{"ID":"2840","typeID":"__group__","zOrder":"39","measuredW":"30","measuredH":"30","w":"30","h":"30","x":"288","y":"1021","properties":{"controlName":"check:no-one-way-process"},"children":{"controls":{"control":[{"ID":"0","typeID":"TextArea","zOrder":"0","w":"30","h":"30","measuredW":"200","measuredH":"140","x":"0","y":"0"}]}}},{"ID":"2841","typeID":"__group__","zOrder":"42","measuredW":"965","measuredH":"28","w":"965","h":"28","x":"337","y":"1063","properties":{"controlName":"trends-issues-finding"},"children":{"controls":{"control":[{"ID":"0","typeID":"Label","zOrder":"0","measuredW":"965","measuredH":"28","x":"0","y":"0","properties":{"size":"20","text":"Hold regular code review sessions to discuss broader trends or issues that arise during the review process."}}]}}},{"ID":"2842","typeID":"__group__","zOrder":"41","measuredW":"30","measuredH":"30","w":"30","h":"30","x":"288","y":"1062","properties":{"controlName":"check:trends-issues-finding"},"children":{"controls":{"control":[{"ID":"0","typeID":"TextArea","zOrder":"0","w":"30","h":"30","measuredW":"200","measuredH":"140","x":"0","y":"0"}]}}},{"ID":"2843","typeID":"__group__","zOrder":"44","measuredW":"878","measuredH":"28","w":"878","h":"28","x":"337","y":"1107","properties":{"controlName":"seek-feedback"},"children":{"controls":{"control":[{"ID":"0","typeID":"Label","zOrder":"0","measuredW":"878","measuredH":"28","x":"0","y":"0","properties":{"size":"20","text":"Encourage authors to seek feedback during development before submitting a formal code review."}}]}}},{"ID":"2844","typeID":"__group__","zOrder":"43","measuredW":"30","measuredH":"30","w":"30","h":"30","x":"288","y":"1106","properties":{"controlName":"check:seek-feedback"},"children":{"controls":{"control":[{"ID":"0","typeID":"TextArea","zOrder":"0","w":"30","h":"30","measuredW":"200","measuredH":"140","x":"0","y":"0"}]}}},{"ID":"2845","typeID":"__group__","zOrder":"52","measuredW":"533","measuredH":"28","w":"533","h":"28","x":"324","y":"1271","properties":{"controlName":"follow-guidelines"},"children":{"controls":{"control":[{"ID":"0","typeID":"Label","zOrder":"0","measuredW":"533","measuredH":"28","x":"0","y":"0","properties":{"size":"20","text":"Follow the coding standards and any other team guidelines."}}]}}},{"ID":"2846","typeID":"__group__","zOrder":"51","measuredW":"30","measuredH":"30","w":"30","h":"30","x":"278","y":"1270","properties":{"controlName":"check:follow-guidelines"},"children":{"controls":{"control":[{"ID":"0","typeID":"TextArea","zOrder":"0","w":"30","h":"30","measuredW":"200","measuredH":"140","x":"0","y":"0"}]}}},{"ID":"2847","typeID":"__group__","zOrder":"54","measuredW":"567","measuredH":"28","w":"567","h":"28","x":"324","y":"1313","properties":{"controlName":"consistency-everywhere"},"children":{"controls":{"control":[{"ID":"0","typeID":"Label","zOrder":"0","measuredW":"567","measuredH":"28","x":"0","y":"0","properties":{"size":"20","text":"Stay consistent with the overall project design and architecture."}}]}}},{"ID":"2848","typeID":"__group__","zOrder":"53","measuredW":"30","measuredH":"30","w":"30","h":"30","x":"278","y":"1312","properties":{"controlName":"check:consistency-everywhere"},"children":{"controls":{"control":[{"ID":"0","typeID":"TextArea","zOrder":"0","w":"30","h":"30","measuredW":"200","measuredH":"140","x":"0","y":"0"}]}}},{"ID":"2849","typeID":"__group__","zOrder":"56","measuredW":"421","measuredH":"28","w":"421","h":"28","x":"324","y":"1353","properties":{"controlName":"failing-text-bug"},"children":{"controls":{"control":[{"ID":"0","typeID":"Label","zOrder":"0","measuredW":"421","measuredH":"28","x":"0","y":"0","properties":{"size":"20","text":"Write a failing test if the change is for a bug fix."}}]}}},{"ID":"2850","typeID":"__group__","zOrder":"55","measuredW":"30","measuredH":"30","w":"30","h":"30","x":"278","y":"1352","properties":{"controlName":"check:failing-text-bug"},"children":{"controls":{"control":[{"ID":"0","typeID":"TextArea","zOrder":"0","w":"30","h":"30","measuredW":"200","measuredH":"140","x":"0","y":"0"}]}}},{"ID":"2851","typeID":"__group__","zOrder":"58","measuredW":"569","measuredH":"28","w":"569","h":"28","x":"324","y":"1394","properties":{"controlName":"complex-tasks-breakage"},"children":{"controls":{"control":[{"ID":"0","typeID":"Label","zOrder":"0","measuredW":"569","measuredH":"28","x":"0","y":"0","properties":{"size":"20","text":"Break down complex tasks into smaller easily manageable PRs."}}]}}},{"ID":"2852","typeID":"__group__","zOrder":"57","measuredW":"30","measuredH":"30","w":"30","h":"30","x":"278","y":"1393","properties":{"controlName":"check:complex-tasks-breakage"},"children":{"controls":{"control":[{"ID":"0","typeID":"TextArea","zOrder":"0","w":"30","h":"30","measuredW":"200","measuredH":"140","x":"0","y":"0"}]}}},{"ID":"2853","typeID":"__group__","zOrder":"60","measuredW":"576","measuredH":"28","w":"576","h":"28","x":"324","y":"1437","properties":{"controlName":"impact-of-change"},"children":{"controls":{"control":[{"ID":"0","typeID":"Label","zOrder":"0","measuredW":"576","measuredH":"28","x":"0","y":"0","properties":{"size":"20","text":"Consider the impact of the change on other parts of the system."}}]}}},{"ID":"2854","typeID":"__group__","zOrder":"59","measuredW":"30","measuredH":"30","w":"30","h":"30","x":"278","y":"1436","properties":{"controlName":"check:impact-of-change"},"children":{"controls":{"control":[{"ID":"0","typeID":"TextArea","zOrder":"0","w":"30","h":"30","measuredW":"200","measuredH":"140","x":"0","y":"0"}]}}},{"ID":"2855","typeID":"__group__","zOrder":"62","measuredW":"844","measuredH":"28","w":"844","h":"28","x":"324","y":"1480","properties":{"controlName":"note-questions-for-review"},"children":{"controls":{"control":[{"ID":"0","typeID":"Label","zOrder":"0","measuredW":"844","measuredH":"28","x":"0","y":"0","properties":{"size":"20","text":"Take notes on any questions or concerns about the change to discuss them during the review."}}]}}},{"ID":"2856","typeID":"__group__","zOrder":"61","measuredW":"30","measuredH":"30","w":"30","h":"30","x":"278","y":"1479","properties":{"controlName":"check:note-questions-for-review"},"children":{"controls":{"control":[{"ID":"0","typeID":"TextArea","zOrder":"0","w":"30","h":"30","measuredW":"200","measuredH":"140","x":"0","y":"0"}]}}},{"ID":"2857","typeID":"__group__","zOrder":"64","measuredW":"238","measuredH":"28","w":"238","h":"28","x":"324","y":"1521","properties":{"controlName":"write-automated-tests"},"children":{"controls":{"control":[{"ID":"0","typeID":"Label","zOrder":"0","measuredW":"238","measuredH":"28","x":"0","y":"0","properties":{"size":"20","text":"Write the automated tests."}}]}}},{"ID":"2858","typeID":"__group__","zOrder":"63","measuredW":"30","measuredH":"30","w":"30","h":"30","x":"278","y":"1520","properties":{"controlName":"check:write-automated-tests"},"children":{"controls":{"control":[{"ID":"0","typeID":"TextArea","zOrder":"0","w":"30","h":"30","measuredW":"200","measuredH":"140","x":"0","y":"0"}]}}},{"ID":"2859","typeID":"__group__","zOrder":"66","measuredW":"566","measuredH":"28","w":"566","h":"28","x":"324","y":"1561","properties":{"controlName":"document-new-feature"},"children":{"controls":{"control":[{"ID":"0","typeID":"Label","zOrder":"0","measuredW":"566","measuredH":"28","x":"0","y":"0","properties":{"size":"20","text":"Write the documentation for the feature or changes if required."}}]}}},{"ID":"2860","typeID":"__group__","zOrder":"65","measuredW":"30","measuredH":"30","w":"30","h":"30","x":"278","y":"1559","properties":{"controlName":"check:document-new-feature"},"children":{"controls":{"control":[{"ID":"0","typeID":"TextArea","zOrder":"0","w":"30","h":"30","measuredW":"200","measuredH":"140","x":"0","y":"0"}]}}},{"ID":"2861","typeID":"__group__","zOrder":"68","measuredW":"709","measuredH":"28","w":"709","h":"28","x":"324","y":"1600","properties":{"controlName":"update-docs-changes"},"children":{"controls":{"control":[{"ID":"0","typeID":"Label","zOrder":"0","measuredW":"709","measuredH":"28","x":"0","y":"0","properties":{"size":"20","text":"Update any documentation that may have made obsolete through the changes."}}]}}},{"ID":"2862","typeID":"__group__","zOrder":"67","measuredW":"30","measuredH":"30","w":"30","h":"30","x":"278","y":"1599","properties":{"controlName":"check:update-docs-changes"},"children":{"controls":{"control":[{"ID":"0","typeID":"TextArea","zOrder":"0","w":"30","h":"30","measuredW":"200","measuredH":"140","x":"0","y":"0"}]}}},{"ID":"2863","typeID":"__group__","zOrder":"74","measuredW":"418","measuredH":"28","w":"418","h":"28","x":"322","y":"1752","properties":{"controlName":"self-review"},"children":{"controls":{"control":[{"ID":"0","typeID":"Label","zOrder":"0","measuredW":"418","measuredH":"28","x":"0","y":"0","properties":{"size":"20","text":"Review your code before submitting for review."}}]}}},{"ID":"2864","typeID":"__group__","zOrder":"73","measuredW":"30","measuredH":"30","w":"30","h":"30","x":"276","y":"1751","properties":{"controlName":"check:self-review"},"children":{"controls":{"control":[{"ID":"0","typeID":"TextArea","zOrder":"0","w":"30","h":"30","measuredW":"200","measuredH":"140","x":"0","y":"0"}]}}},{"ID":"2865","typeID":"__group__","zOrder":"76","measuredW":"979","measuredH":"28","w":"979","h":"28","x":"322","y":"1794","properties":{"controlName":"changes-ready"},"children":{"controls":{"control":[{"ID":"0","typeID":"Label","zOrder":"0","measuredW":"979","measuredH":"28","x":"0","y":"0","properties":{"size":"20","text":"Ensure that the changes are complete and ready for review, including all necessary tests and documentation."}}]}}},{"ID":"2866","typeID":"__group__","zOrder":"75","measuredW":"30","measuredH":"30","w":"30","h":"30","x":"276","y":"1793","properties":{"controlName":"check:changes-ready"},"children":{"controls":{"control":[{"ID":"0","typeID":"TextArea","zOrder":"0","w":"30","h":"30","measuredW":"200","measuredH":"140","x":"0","y":"0"}]}}},{"ID":"2867","typeID":"__group__","zOrder":"78","measuredW":"760","measuredH":"28","w":"760","h":"28","x":"322","y":"1836","properties":{"controlName":"tested-in-dev"},"children":{"controls":{"control":[{"ID":"0","typeID":"Label","zOrder":"0","measuredW":"760","measuredH":"28","x":"0","y":"0","properties":{"size":"20","text":"Verify that the code change has been properly tested in a development environment."}}]}}},{"ID":"2868","typeID":"__group__","zOrder":"77","measuredW":"30","measuredH":"30","w":"30","h":"30","x":"276","y":"1835","properties":{"controlName":"check:tested-in-dev"},"children":{"controls":{"control":[{"ID":"0","typeID":"TextArea","zOrder":"0","w":"30","h":"30","measuredW":"200","measuredH":"140","x":"0","y":"0"}]}}},{"ID":"2869","typeID":"__group__","zOrder":"80","measuredW":"813","measuredH":"28","w":"813","h":"28","x":"323","y":"1877","properties":{"controlName":"adhere-guidelines"},"children":{"controls":{"control":[{"ID":"0","typeID":"Label","zOrder":"0","measuredW":"813","measuredH":"28","x":"0","y":"0","properties":{"size":"20","text":"Double-check that the code adheres to the project's coding standards and best practices. "}}]}}},{"ID":"2870","typeID":"__group__","zOrder":"79","measuredW":"30","measuredH":"30","w":"30","h":"30","x":"277","y":"1876","properties":{"controlName":"check:adhere-guidelines"},"children":{"controls":{"control":[{"ID":"0","typeID":"TextArea","zOrder":"0","w":"30","h":"30","measuredW":"200","measuredH":"140","x":"0","y":"0"}]}}},{"ID":"2871","typeID":"__group__","zOrder":"82","measuredW":"1023","measuredH":"28","w":"1023","h":"28","x":"323","y":"1920","properties":{"controlName":"potential-issues-review"},"children":{"controls":{"control":[{"ID":"0","typeID":"Label","zOrder":"0","measuredW":"1023","measuredH":"28","x":"0","y":"0","properties":{"size":"20","text":"Identify any potential performance, security, or scalability concerns and note them for discussion during the review."}}]}}},{"ID":"2872","typeID":"__group__","zOrder":"81","measuredW":"30","measuredH":"30","w":"30","h":"30","x":"277","y":"1919","properties":{"controlName":"check:potential-issues-review"},"children":{"controls":{"control":[{"ID":"0","typeID":"TextArea","zOrder":"0","w":"30","h":"30","measuredW":"200","measuredH":"140","x":"0","y":"0"}]}}},{"ID":"2873","typeID":"__group__","zOrder":"84","measuredW":"989","measuredH":"28","w":"989","h":"28","x":"323","y":"1961","properties":{"controlName":"proper-description-pr"},"children":{"controls":{"control":[{"ID":"0","typeID":"Label","zOrder":"0","measuredW":"989","measuredH":"28","x":"0","y":"0","properties":{"size":"20","text":"Make sure to add proper title, description, any screenshots, relevant links, configuration changes etc in the PR."}}]}}},{"ID":"2874","typeID":"__group__","zOrder":"83","measuredW":"30","measuredH":"30","w":"30","h":"30","x":"277","y":"1960","properties":{"controlName":"check:proper-description-pr"},"children":{"controls":{"control":[{"ID":"0","typeID":"TextArea","zOrder":"0","w":"30","h":"30","measuredW":"200","measuredH":"140","x":"0","y":"0"}]}}},{"ID":"2875","typeID":"__group__","zOrder":"86","measuredW":"1069","measuredH":"28","w":"1069","h":"28","x":"323","y":"2003","properties":{"controlName":"open-mind-author"},"children":{"controls":{"control":[{"ID":"0","typeID":"Label","zOrder":"0","measuredW":"1069","measuredH":"28","x":"0","y":"0","properties":{"size":"20","text":"Approach the review process with an open mind, and be willing to learn from and collaborate with other team members."}}]}}},{"ID":"2876","typeID":"__group__","zOrder":"85","measuredW":"30","measuredH":"30","w":"30","h":"30","x":"277","y":"2002","properties":{"controlName":"check:open-mind-author"},"children":{"controls":{"control":[{"ID":"0","typeID":"TextArea","zOrder":"0","w":"30","h":"30","measuredW":"200","measuredH":"140","x":"0","y":"0"}]}}},{"ID":"2877","typeID":"__group__","zOrder":"91","measuredW":"663","measuredH":"28","w":"663","h":"28","x":"324","y":"2153","properties":{"controlName":"learn-context-reqs"},"children":{"controls":{"control":[{"ID":"0","typeID":"Label","zOrder":"0","measuredW":"663","measuredH":"28","x":"0","y":"0","properties":{"size":"20","text":"Understand the requirements and the context in which change was made."}}]}}},{"ID":"2878","typeID":"__group__","zOrder":"90","measuredW":"30","measuredH":"30","w":"30","h":"30","x":"278","y":"2152","properties":{"controlName":"check:learn-context-reqs"},"children":{"controls":{"control":[{"ID":"0","typeID":"TextArea","zOrder":"0","w":"30","h":"30","measuredW":"200","measuredH":"140","x":"0","y":"0"}]}}},{"ID":"2879","typeID":"__group__","zOrder":"93","measuredW":"879","measuredH":"28","w":"879","h":"28","x":"324","y":"2193","properties":{"controlName":"prepare-list"},"children":{"controls":{"control":[{"ID":"0","typeID":"Label","zOrder":"0","measuredW":"879","measuredH":"28","x":"0","y":"0","properties":{"size":"20","text":"Based on the requirements, prepare a list of items that should have been covered in the changes."}}]}}},{"ID":"2880","typeID":"__group__","zOrder":"92","measuredW":"30","measuredH":"30","w":"30","h":"30","x":"278","y":"2192","properties":{"controlName":"check:prepare-list"},"children":{"controls":{"control":[{"ID":"0","typeID":"TextArea","zOrder":"0","w":"30","h":"30","measuredW":"200","measuredH":"140","x":"0","y":"0"}]}}},{"ID":"2881","typeID":"__group__","zOrder":"95","measuredW":"561","measuredH":"28","w":"561","h":"28","x":"324","y":"2232","properties":{"controlName":"architecture-understanding"},"children":{"controls":{"control":[{"ID":"0","typeID":"Label","zOrder":"0","measuredW":"561","measuredH":"28","x":"0","y":"0","properties":{"size":"20","text":"Ensure that you understand the codebase and its architecture."}}]}}},{"ID":"2882","typeID":"__group__","zOrder":"94","measuredW":"30","measuredH":"30","w":"30","h":"30","x":"278","y":"2231","properties":{"controlName":"check:architecture-understanding"},"children":{"controls":{"control":[{"ID":"0","typeID":"TextArea","zOrder":"0","w":"30","h":"30","measuredW":"200","measuredH":"140","x":"0","y":"0"}]}}},{"ID":"2883","typeID":"__group__","zOrder":"97","measuredW":"664","measuredH":"28","w":"664","h":"28","x":"324","y":"2273","properties":{"controlName":"review-docs-design"},"children":{"controls":{"control":[{"ID":"0","typeID":"Label","zOrder":"0","measuredW":"664","measuredH":"28","x":"0","y":"0","properties":{"size":"20","text":"Review any documentation or design specifications related to the change."}}]}}},{"ID":"2884","typeID":"__group__","zOrder":"96","measuredW":"30","measuredH":"30","w":"30","h":"30","x":"278","y":"2272","properties":{"controlName":"check:review-docs-design"},"children":{"controls":{"control":[{"ID":"0","typeID":"TextArea","zOrder":"0","w":"30","h":"30","measuredW":"200","measuredH":"140","x":"0","y":"0"}]}}},{"ID":"2885","typeID":"__group__","zOrder":"99","measuredW":"653","measuredH":"28","w":"653","h":"28","x":"324","y":"2312","properties":{"controlName":"list-review-risks-issues"},"children":{"controls":{"control":[{"ID":"0","typeID":"Label","zOrder":"0","measuredW":"653","measuredH":"28","x":"0","y":"0","properties":{"size":"20","text":"Make list of any potential risks or issues that could arise with the change."}}]}}},{"ID":"2886","typeID":"__group__","zOrder":"98","measuredW":"30","measuredH":"30","w":"30","h":"30","x":"278","y":"2311","properties":{"controlName":"check:list-review-risks-issues"},"children":{"controls":{"control":[{"ID":"0","typeID":"TextArea","zOrder":"0","w":"30","h":"30","measuredW":"200","measuredH":"140","x":"0","y":"0"}]}}},{"ID":"2887","typeID":"__group__","zOrder":"101","measuredW":"1121","measuredH":"28","w":"1121","h":"28","x":"324","y":"2352","properties":{"controlName":"open-mind-reviewer"},"children":{"controls":{"control":[{"ID":"0","typeID":"Label","zOrder":"0","measuredW":"1121","measuredH":"28","x":"0","y":"0","properties":{"size":"20","text":"Approach the process with an open mind; be willing to provide constructive feedback and collaborate to improve code quality"}}]}}},{"ID":"2888","typeID":"__group__","zOrder":"100","measuredW":"30","measuredH":"30","w":"30","h":"30","x":"278","y":"2351","properties":{"controlName":"check:open-mind-reviewer"},"children":{"controls":{"control":[{"ID":"0","typeID":"TextArea","zOrder":"0","w":"30","h":"30","measuredW":"200","measuredH":"140","x":"0","y":"0"}]}}},{"ID":"2889","typeID":"__group__","zOrder":"103","measuredW":"813","measuredH":"28","w":"813","h":"28","x":"324","y":"2393","properties":{"controlName":"quality-code-overall"},"children":{"controls":{"control":[{"ID":"0","typeID":"Label","zOrder":"0","measuredW":"813","measuredH":"28","x":"0","y":"0","properties":{"size":"20","text":"Consider the overall quality of the code, including readability, maintainability, and scalability."}}]}}},{"ID":"2890","typeID":"__group__","zOrder":"102","measuredW":"30","measuredH":"30","w":"30","h":"30","x":"278","y":"2392","properties":{"controlName":"check:quality-code-overall"},"children":{"controls":{"control":[{"ID":"0","typeID":"TextArea","zOrder":"0","w":"30","h":"30","measuredW":"200","measuredH":"140","x":"0","y":"0"}]}}},{"ID":"2891","typeID":"__group__","zOrder":"105","measuredW":"925","measuredH":"28","w":"925","h":"28","x":"324","y":"2433","properties":{"controlName":"determine-review-level"},"children":{"controls":{"control":[{"ID":"0","typeID":"Label","zOrder":"0","measuredW":"925","measuredH":"28","x":"0","y":"0","properties":{"size":"20","text":"Determine the appropriate level of review needed based on the scope and impact of the code change."}}]}}},{"ID":"2892","typeID":"__group__","zOrder":"104","measuredW":"30","measuredH":"30","w":"30","h":"30","x":"278","y":"2432","properties":{"controlName":"check:determine-review-level"},"children":{"controls":{"control":[{"ID":"0","typeID":"TextArea","zOrder":"0","w":"30","h":"30","measuredW":"200","measuredH":"140","x":"0","y":"0"}]}}},{"ID":"2893","typeID":"__group__","zOrder":"113","measuredW":"992","measuredH":"28","w":"992","h":"28","x":"324","y":"2477","properties":{"controlName":"collaborate-reviewer-author"},"children":{"controls":{"control":[{"ID":"0","typeID":"Label","zOrder":"0","measuredW":"992","measuredH":"28","x":"0","y":"0","properties":{"size":"20","text":"Be willing to collaborate with the author to resolve any issues or concerns that arise during the review process."}}]}}},{"ID":"2894","typeID":"__group__","zOrder":"112","measuredW":"30","measuredH":"30","w":"30","h":"30","x":"278","y":"2476","properties":{"controlName":"check:collaborate-reviewer-author"},"children":{"controls":{"control":[{"ID":"0","typeID":"TextArea","zOrder":"0","w":"30","h":"30","measuredW":"200","measuredH":"140","x":"0","y":"0"}]}}},{"ID":"2895","typeID":"__group__","zOrder":"111","measuredW":"900","measuredH":"28","w":"900","h":"28","x":"324","y":"2641","properties":{"controlName":"professional-feedback"},"children":{"controls":{"control":[{"ID":"0","typeID":"Label","zOrder":"0","measuredW":"900","measuredH":"28","x":"0","y":"0","properties":{"size":"20","text":"Be respectful and professional in your feedback, avoiding personal attacks or derogatory comments."}}]}}},{"ID":"2896","typeID":"__group__","zOrder":"110","measuredW":"30","measuredH":"30","w":"30","h":"30","x":"278","y":"2640","properties":{"controlName":"check:professional-feedback"},"children":{"controls":{"control":[{"ID":"0","typeID":"TextArea","zOrder":"0","w":"30","h":"30","measuredW":"200","measuredH":"140","x":"0","y":"0"}]}}},{"ID":"2897","typeID":"__group__","zOrder":"115","measuredW":"1091","measuredH":"28","w":"1091","h":"28","x":"324","y":"2682","properties":{"controlName":"clear-feedback"},"children":{"controls":{"control":[{"ID":"0","typeID":"Label","zOrder":"0","measuredW":"1091","measuredH":"28","x":"0","y":"0","properties":{"size":"20","text":"Provide clear and actionable feedback, including specific suggestions for improvement and explanations of any concerns."}}]}}},{"ID":"2898","typeID":"__group__","zOrder":"114","measuredW":"30","measuredH":"30","w":"30","h":"30","x":"278","y":"2681","properties":{"controlName":"check:clear-feedback"},"children":{"controls":{"control":[{"ID":"0","typeID":"TextArea","zOrder":"0","w":"30","h":"30","measuredW":"200","measuredH":"140","x":"0","y":"0"}]}}},{"ID":"2899","typeID":"__group__","zOrder":"117","measuredW":"902","measuredH":"28","w":"902","h":"28","x":"324","y":"2721","properties":{"controlName":"potential-issues-reviewer"},"children":{"controls":{"control":[{"ID":"0","typeID":"Label","zOrder":"0","measuredW":"902","measuredH":"28","x":"0","y":"0","properties":{"size":"20","text":"Identify any potential performance, security, or scalability concerns, and discuss them with the author."}}]}}},{"ID":"2900","typeID":"__group__","zOrder":"116","measuredW":"30","measuredH":"30","w":"30","h":"30","x":"278","y":"2720","properties":{"controlName":"check:potential-issues-reviewer"},"children":{"controls":{"control":[{"ID":"0","typeID":"TextArea","zOrder":"0","w":"30","h":"30","measuredW":"200","measuredH":"140","x":"0","y":"0"}]}}},{"ID":"2901","typeID":"__group__","zOrder":"119","measuredW":"606","measuredH":"28","w":"606","h":"28","x":"324","y":"2761","properties":{"controlName":"prioritize-feedback"},"children":{"controls":{"control":[{"ID":"0","typeID":"Label","zOrder":"0","measuredW":"606","measuredH":"28","x":"0","y":"0","properties":{"size":"20","text":"Prioritize your feedback, focusing on the most important issues first."}}]}}},{"ID":"2902","typeID":"__group__","zOrder":"118","measuredW":"30","measuredH":"30","w":"30","h":"30","x":"278","y":"2760","properties":{"controlName":"check:prioritize-feedback"},"children":{"controls":{"control":[{"ID":"0","typeID":"TextArea","zOrder":"0","w":"30","h":"30","measuredW":"200","measuredH":"140","x":"0","y":"0"}]}}},{"ID":"2903","typeID":"__group__","zOrder":"121","measuredW":"1051","measuredH":"28","w":"1051","h":"28","x":"324","y":"2801","properties":{"controlName":"review-tests"},"children":{"controls":{"control":[{"ID":"0","typeID":"Label","zOrder":"0","measuredW":"1051","measuredH":"28","x":"0","y":"0","properties":{"size":"20","text":"Review any tests included with the code change to verify that they adequately cover the functionality and edge cases."}}]}}},{"ID":"2904","typeID":"__group__","zOrder":"120","measuredW":"30","measuredH":"30","w":"30","h":"30","x":"278","y":"2800","properties":{"controlName":"check:review-tests"},"children":{"controls":{"control":[{"ID":"0","typeID":"TextArea","zOrder":"0","w":"30","h":"30","measuredW":"200","measuredH":"140","x":"0","y":"0"}]}}},{"ID":"2905","typeID":"__group__","zOrder":"123","measuredW":"819","measuredH":"28","w":"819","h":"28","x":"324","y":"2841","properties":{"controlName":"code-guide-best-practices-adherence"},"children":{"controls":{"control":[{"ID":"0","typeID":"Label","zOrder":"0","measuredW":"819","measuredH":"28","x":"0","y":"0","properties":{"size":"20","text":"Ensure that the code change adheres to the project's coding standards and best practices."}}]}}},{"ID":"2906","typeID":"__group__","zOrder":"122","measuredW":"30","measuredH":"30","w":"30","h":"30","x":"278","y":"2840","properties":{"controlName":"check:code-guide-best-practices-adherence"},"children":{"controls":{"control":[{"ID":"0","typeID":"TextArea","zOrder":"0","w":"30","h":"30","measuredW":"200","measuredH":"140","x":"0","y":"0"}]}}},{"ID":"2907","typeID":"__group__","zOrder":"125","measuredW":"531","measuredH":"28","w":"531","h":"28","x":"324","y":"2880","properties":{"controlName":"review-docs-updated"},"children":{"controls":{"control":[{"ID":"0","typeID":"Label","zOrder":"0","measuredW":"531","measuredH":"28","x":"0","y":"0","properties":{"size":"20","text":"Ensure that the relevant documentation has been updated."}}]}}},{"ID":"2908","typeID":"__group__","zOrder":"124","measuredW":"30","measuredH":"30","w":"30","h":"30","x":"278","y":"2879","properties":{"controlName":"check:review-docs-updated"},"children":{"controls":{"control":[{"ID":"0","typeID":"TextArea","zOrder":"0","w":"30","h":"30","measuredW":"200","measuredH":"140","x":"0","y":"0"}]}}},{"ID":"2909","typeID":"__group__","zOrder":"127","measuredW":"1038","measuredH":"28","w":"1038","h":"28","x":"324","y":"2920","properties":{"controlName":"team-wide-style-followed"},"children":{"controls":{"control":[{"ID":"0","typeID":"Label","zOrder":"0","measuredW":"1038","measuredH":"28","x":"0","y":"0","properties":{"size":"20","text":"Team wide styleguide is the absolute authority styling. Verify changes against those instead of personal preferences"}}]}}},{"ID":"2910","typeID":"__group__","zOrder":"126","measuredW":"30","measuredH":"30","w":"30","h":"30","x":"278","y":"2919","properties":{"controlName":"check:team-wide-style-followed"},"children":{"controls":{"control":[{"ID":"0","typeID":"TextArea","zOrder":"0","w":"30","h":"30","measuredW":"200","measuredH":"140","x":"0","y":"0"}]}}},{"ID":"2911","typeID":"__group__","zOrder":"129","measuredW":"960","measuredH":"28","w":"960","h":"28","x":"324","y":"2960","properties":{"controlName":"nitpick-comments"},"children":{"controls":{"control":[{"ID":"0","typeID":"Label","zOrder":"0","measuredW":"960","measuredH":"28","x":"0","y":"0","properties":{"size":"20","text":"Leave comments to suggest improvements, but prefix it with \"Nit\" if it's not critical to meeting the standards"}}]}}},{"ID":"2912","typeID":"__group__","zOrder":"128","measuredW":"30","measuredH":"30","w":"30","h":"30","x":"278","y":"2959","properties":{"controlName":"check:nitpick-comments"},"children":{"controls":{"control":[{"ID":"0","typeID":"TextArea","zOrder":"0","w":"30","h":"30","measuredW":"200","measuredH":"140","x":"0","y":"0"}]}}},{"ID":"2913","typeID":"__group__","zOrder":"131","measuredW":"413","measuredH":"28","w":"413","h":"28","x":"324","y":"3002","properties":{"controlName":"continuous-improvement-over-perfection"},"children":{"controls":{"control":[{"ID":"0","typeID":"Label","zOrder":"0","measuredW":"413","measuredH":"28","x":"0","y":"0","properties":{"size":"20","text":"Seek continuous improvement, not perfection."}}]}}},{"ID":"2914","typeID":"__group__","zOrder":"130","measuredW":"30","measuredH":"30","w":"30","h":"30","x":"278","y":"3001","properties":{"controlName":"check:continuous-improvement-over-perfection"},"children":{"controls":{"control":[{"ID":"0","typeID":"TextArea","zOrder":"0","w":"30","h":"30","measuredW":"200","measuredH":"140","x":"0","y":"0"}]}}},{"ID":"2915","typeID":"__group__","zOrder":"133","measuredW":"528","measuredH":"28","w":"528","h":"28","x":"324","y":"3042","properties":{"controlName":"short-term-long-term-considerations"},"children":{"controls":{"control":[{"ID":"0","typeID":"Label","zOrder":"0","measuredW":"528","measuredH":"28","x":"0","y":"0","properties":{"size":"20","text":"Keep the short-term and long-term considerations in mind."}}]}}},{"ID":"2916","typeID":"__group__","zOrder":"132","measuredW":"30","measuredH":"30","w":"30","h":"30","x":"278","y":"3041","properties":{"controlName":"check:short-term-long-term-considerations"},"children":{"controls":{"control":[{"ID":"0","typeID":"TextArea","zOrder":"0","w":"30","h":"30","measuredW":"200","measuredH":"140","x":"0","y":"0"}]}}},{"ID":"2917","typeID":"__group__","zOrder":"135","measuredW":"743","measuredH":"28","w":"743","h":"28","x":"324","y":"3082","properties":{"controlName":"pair-programming-reviews"},"children":{"controls":{"control":[{"ID":"0","typeID":"Label","zOrder":"0","measuredW":"743","measuredH":"28","x":"0","y":"0","properties":{"size":"20","text":"Consider using pair programming as an alternative or supplement to code reviews."}}]}}},{"ID":"2918","typeID":"__group__","zOrder":"134","measuredW":"30","measuredH":"30","w":"30","h":"30","x":"278","y":"3081","properties":{"controlName":"check:pair-programming-reviews"},"children":{"controls":{"control":[{"ID":"0","typeID":"TextArea","zOrder":"0","w":"30","h":"30","measuredW":"200","measuredH":"140","x":"0","y":"0"}]}}},{"ID":"2919","typeID":"__group__","zOrder":"137","measuredW":"1019","measuredH":"28","w":"1019","h":"28","x":"324","y":"3122","properties":{"controlName":"positive-feedback-criticism"},"children":{"controls":{"control":[{"ID":"0","typeID":"Label","zOrder":"0","measuredW":"1019","measuredH":"28","x":"0","y":"0","properties":{"size":"20","text":"Provide positive feedback in addition to constructive criticism, to reinforce good practices and boost team morale."}}]}}},{"ID":"2920","typeID":"__group__","zOrder":"136","measuredW":"30","measuredH":"30","w":"30","h":"30","x":"278","y":"3121","properties":{"controlName":"check:positive-feedback-criticism"},"children":{"controls":{"control":[{"ID":"0","typeID":"TextArea","zOrder":"0","w":"30","h":"30","measuredW":"200","measuredH":"140","x":"0","y":"0"}]}}},{"ID":"2921","typeID":"__group__","zOrder":"142","measuredW":"704","measuredH":"28","w":"704","h":"28","x":"324","y":"3281","properties":{"controlName":"address-feedback-received"},"children":{"controls":{"control":[{"ID":"0","typeID":"Label","zOrder":"0","measuredW":"704","measuredH":"28","x":"0","y":"0","properties":{"size":"20","text":"Address all the feedback received, including any concerns or questions raised."}}]}}},{"ID":"2922","typeID":"__group__","zOrder":"141","measuredW":"30","measuredH":"30","w":"30","h":"30","x":"278","y":"3280","properties":{"controlName":"check:address-feedback-received"},"children":{"controls":{"control":[{"ID":"0","typeID":"TextArea","zOrder":"0","w":"30","h":"30","measuredW":"200","measuredH":"140","x":"0","y":"0"}]}}},{"ID":"2923","typeID":"__group__","zOrder":"144","measuredW":"686","measuredH":"28","w":"686","h":"28","x":"324","y":"3321","properties":{"controlName":"implement-changes-explanations"},"children":{"controls":{"control":[{"ID":"0","typeID":"Label","zOrder":"0","measuredW":"686","measuredH":"28","x":"0","y":"0","properties":{"size":"20","text":"Implement the suggested changes and provide explanations where needed."}}]}}},{"ID":"2924","typeID":"__group__","zOrder":"143","measuredW":"30","measuredH":"30","w":"30","h":"30","x":"278","y":"3320","properties":{"controlName":"check:implement-changes-explanations"},"children":{"controls":{"control":[{"ID":"0","typeID":"TextArea","zOrder":"0","w":"30","h":"30","measuredW":"200","measuredH":"140","x":"0","y":"0"}]}}},{"ID":"2925","typeID":"__group__","zOrder":"146","measuredW":"586","measuredH":"28","w":"586","h":"28","x":"324","y":"3362","properties":{"controlName":"run-tests-ensure-passing"},"children":{"controls":{"control":[{"ID":"0","typeID":"Label","zOrder":"0","measuredW":"586","measuredH":"28","x":"0","y":"0","properties":{"size":"20","text":"Run the tests and ensure that they all pass after making changes"}}]}}},{"ID":"2926","typeID":"__group__","zOrder":"145","measuredW":"30","measuredH":"30","w":"30","h":"30","x":"278","y":"3361","properties":{"controlName":"check:run-tests-ensure-passing"},"children":{"controls":{"control":[{"ID":"0","typeID":"TextArea","zOrder":"0","w":"30","h":"30","measuredW":"200","measuredH":"140","x":"0","y":"0"}]}}},{"ID":"2927","typeID":"__group__","zOrder":"148","measuredW":"642","measuredH":"28","w":"642","h":"28","x":"324","y":"3402","properties":{"controlName":"update-review-changes-docs"},"children":{"controls":{"control":[{"ID":"0","typeID":"Label","zOrder":"0","measuredW":"642","measuredH":"28","x":"0","y":"0","properties":{"size":"20","text":"Update any documentation or code comments affected by the changes."}}]}}},{"ID":"2928","typeID":"__group__","zOrder":"147","measuredW":"30","measuredH":"30","w":"30","h":"30","x":"278","y":"3401","properties":{"controlName":"check:update-review-changes-docs"},"children":{"controls":{"control":[{"ID":"0","typeID":"TextArea","zOrder":"0","w":"30","h":"30","measuredW":"200","measuredH":"140","x":"0","y":"0"}]}}},{"ID":"2929","typeID":"__group__","zOrder":"150","measuredW":"709","measuredH":"28","w":"709","h":"28","x":"324","y":"3443","properties":{"controlName":"seek-team-members-feedback"},"children":{"controls":{"control":[{"ID":"0","typeID":"Label","zOrder":"0","measuredW":"709","measuredH":"28","x":"0","y":"0","properties":{"size":"20","text":"Seek feedback from other team members if you are unsure about the changes."}}]}}},{"ID":"2930","typeID":"__group__","zOrder":"149","measuredW":"30","measuredH":"30","w":"30","h":"30","x":"278","y":"3442","properties":{"controlName":"check:seek-team-members-feedback"},"children":{"controls":{"control":[{"ID":"0","typeID":"TextArea","zOrder":"0","w":"30","h":"30","measuredW":"200","measuredH":"140","x":"0","y":"0"}]}}},{"ID":"2931","typeID":"__group__","zOrder":"152","measuredW":"505","measuredH":"28","w":"505","h":"28","x":"324","y":"3486","properties":{"controlName":"submit-re-review"},"children":{"controls":{"control":[{"ID":"0","typeID":"Label","zOrder":"0","measuredW":"505","measuredH":"28","x":"0","y":"0","properties":{"size":"20","text":"Submit the updated code for a second review if needed."}}]}}},{"ID":"2932","typeID":"__group__","zOrder":"151","measuredW":"30","measuredH":"30","w":"30","h":"30","x":"278","y":"3485","properties":{"controlName":"check:submit-re-review"},"children":{"controls":{"control":[{"ID":"0","typeID":"TextArea","zOrder":"0","w":"30","h":"30","measuredW":"200","measuredH":"140","x":"0","y":"0"}]}}},{"ID":"2933","typeID":"__group__","zOrder":"158","measuredW":"845","measuredH":"28","w":"845","h":"28","x":"324","y":"3656","properties":{"controlName":"resolve-conflicts-timely"},"children":{"controls":{"control":[{"ID":"0","typeID":"Label","zOrder":"0","measuredW":"845","measuredH":"28","x":"0","y":"0","properties":{"size":"20","text":"Resolve conflicting opinions in a timely manner; don't let a PR sit around due to disagreement."}}]}}},{"ID":"2934","typeID":"__group__","zOrder":"157","measuredW":"30","measuredH":"30","w":"30","h":"30","x":"278","y":"3655","properties":{"controlName":"check:resolve-conflicts-timely"},"children":{"controls":{"control":[{"ID":"0","typeID":"TextArea","zOrder":"0","w":"30","h":"30","measuredW":"200","measuredH":"140","x":"0","y":"0"}]}}},{"ID":"2935","typeID":"__group__","zOrder":"160","measuredW":"554","measuredH":"28","w":"554","h":"28","x":"324","y":"3697","properties":{"controlName":"verify-changes-addressed"},"children":{"controls":{"control":[{"ID":"0","typeID":"Label","zOrder":"0","measuredW":"554","measuredH":"28","x":"0","y":"0","properties":{"size":"20","text":"Verify that all the feedback has been addressed by the author."}}]}}},{"ID":"2936","typeID":"__group__","zOrder":"159","measuredW":"30","measuredH":"30","w":"30","h":"30","x":"278","y":"3696","properties":{"controlName":"check:verify-changes-addressed"},"children":{"controls":{"control":[{"ID":"0","typeID":"TextArea","zOrder":"0","w":"30","h":"30","measuredW":"200","measuredH":"140","x":"0","y":"0"}]}}},{"ID":"2937","typeID":"__group__","zOrder":"162","measuredW":"942","measuredH":"28","w":"942","h":"28","x":"324","y":"3738","properties":{"controlName":"review-updated-code"},"children":{"controls":{"control":[{"ID":"0","typeID":"Label","zOrder":"0","measuredW":"942","measuredH":"28","x":"0","y":"0","properties":{"size":"20","text":"Review the updated code and ensure that the suggested changes have been implemented as expected."}}]}}},{"ID":"2938","typeID":"__group__","zOrder":"161","measuredW":"30","measuredH":"30","w":"30","h":"30","x":"278","y":"3737","properties":{"controlName":"check:review-updated-code"},"children":{"controls":{"control":[{"ID":"0","typeID":"TextArea","zOrder":"0","w":"30","h":"30","measuredW":"200","measuredH":"140","x":"0","y":"0"}]}}},{"ID":"2939","typeID":"__group__","zOrder":"164","measuredW":"444","measuredH":"28","w":"444","h":"28","x":"324","y":"3777","properties":{"controlName":"re-run-tests-verify"},"children":{"controls":{"control":[{"ID":"0","typeID":"Label","zOrder":"0","measuredW":"444","measuredH":"28","x":"0","y":"0","properties":{"size":"20","text":"Run the tests again and ensure that they all pass."}}]}}},{"ID":"2940","typeID":"__group__","zOrder":"163","measuredW":"30","measuredH":"30","w":"30","h":"30","x":"278","y":"3776","properties":{"controlName":"check:re-run-tests-verify"},"children":{"controls":{"control":[{"ID":"0","typeID":"TextArea","zOrder":"0","w":"30","h":"30","measuredW":"200","measuredH":"140","x":"0","y":"0"}]}}},{"ID":"2941","typeID":"__group__","zOrder":"166","measuredW":"548","measuredH":"28","w":"548","h":"28","x":"324","y":"3817","properties":{"controlName":"address-author-concerns"},"children":{"controls":{"control":[{"ID":"0","typeID":"Label","zOrder":"0","measuredW":"548","measuredH":"28","x":"0","y":"0","properties":{"size":"20","text":"Address any questions or concerns that the author may have."}}]}}},{"ID":"2942","typeID":"__group__","zOrder":"165","measuredW":"30","measuredH":"30","w":"30","h":"30","x":"278","y":"3816","properties":{"controlName":"check:address-author-concerns"},"children":{"controls":{"control":[{"ID":"0","typeID":"TextArea","zOrder":"0","w":"30","h":"30","measuredW":"200","measuredH":"140","x":"0","y":"0"}]}}},{"ID":"2943","typeID":"__group__","zOrder":"168","measuredW":"927","measuredH":"28","w":"927","h":"28","x":"324","y":"3857","properties":{"controlName":"author-feedback-welcomed"},"children":{"controls":{"control":[{"ID":"0","typeID":"Label","zOrder":"0","measuredW":"927","measuredH":"28","x":"0","y":"0","properties":{"size":"20","text":"Be open to feedback from the author and be willing to make adjustments to your feedback if necessary."}}]}}},{"ID":"2944","typeID":"__group__","zOrder":"167","measuredW":"30","measuredH":"30","w":"30","h":"30","x":"278","y":"3856","properties":{"controlName":"check:author-feedback-welcomed"},"children":{"controls":{"control":[{"ID":"0","typeID":"TextArea","zOrder":"0","w":"30","h":"30","measuredW":"200","measuredH":"140","x":"0","y":"0"}]}}},{"ID":"2945","typeID":"__group__","zOrder":"173","measuredW":"576","measuredH":"28","w":"576","h":"28","x":"344","y":"4025","properties":{"controlName":"merge-approved-code"},"children":{"controls":{"control":[{"ID":"0","typeID":"Label","zOrder":"0","measuredW":"576","measuredH":"28","x":"0","y":"0","properties":{"size":"20","text":"Merge the approved code change into the main/feature branch."}}]}}},{"ID":"2946","typeID":"__group__","zOrder":"172","measuredW":"30","measuredH":"30","w":"30","h":"30","x":"298","y":"4024","properties":{"controlName":"check:merge-approved-code"},"children":{"controls":{"control":[{"ID":"0","typeID":"TextArea","zOrder":"0","w":"30","h":"30","measuredW":"200","measuredH":"140","x":"0","y":"0"}]}}},{"ID":"2947","typeID":"__group__","zOrder":"175","measuredW":"769","measuredH":"28","w":"769","h":"28","x":"344","y":"4065","properties":{"controlName":"change-functioning"},"children":{"controls":{"control":[{"ID":"0","typeID":"Label","zOrder":"0","measuredW":"769","measuredH":"28","x":"0","y":"0","properties":{"size":"20","text":"Verify that the code change is functioning as expected in the production environment."}}]}}},{"ID":"2948","typeID":"__group__","zOrder":"174","measuredW":"30","measuredH":"30","w":"30","h":"30","x":"298","y":"4064","properties":{"controlName":"check:change-functioning"},"children":{"controls":{"control":[{"ID":"0","typeID":"TextArea","zOrder":"0","w":"30","h":"30","measuredW":"200","measuredH":"140","x":"0","y":"0"}]}}},{"ID":"2949","typeID":"__group__","zOrder":"177","measuredW":"868","measuredH":"28","w":"868","h":"28","x":"344","y":"4105","properties":{"controlName":"monitor-performance"},"children":{"controls":{"control":[{"ID":"0","typeID":"Label","zOrder":"0","measuredW":"868","measuredH":"28","x":"0","y":"0","properties":{"size":"20","text":"Monitor the performance and functionality of the code change and address any issues that arise."}}]}}},{"ID":"2950","typeID":"__group__","zOrder":"176","measuredW":"30","measuredH":"30","w":"30","h":"30","x":"298","y":"4104","properties":{"controlName":"check:monitor-performance"},"children":{"controls":{"control":[{"ID":"0","typeID":"TextArea","zOrder":"0","w":"30","h":"30","measuredW":"200","measuredH":"140","x":"0","y":"0"}]}}},{"ID":"2951","typeID":"__group__","zOrder":"179","measuredW":"516","measuredH":"28","w":"516","h":"28","x":"344","y":"4144","properties":{"controlName":"celebrate-success"},"children":{"controls":{"control":[{"ID":"0","typeID":"Label","zOrder":"0","measuredW":"516","measuredH":"28","x":"0","y":"0","properties":{"size":"20","text":"Celebrate the successful completion of the code change!"}}]}}},{"ID":"2952","typeID":"__group__","zOrder":"178","measuredW":"30","measuredH":"30","w":"30","h":"30","x":"298","y":"4143","properties":{"controlName":"check:celebrate-success"},"children":{"controls":{"control":[{"ID":"0","typeID":"TextArea","zOrder":"0","w":"30","h":"30","measuredW":"200","measuredH":"140","x":"0","y":"0"}]}}},{"ID":"2953","typeID":"Arrow","zOrder":"193","w":"75","h":"1","measuredW":"150","measuredH":"100","x":"1415","y":"372","properties":{"curvature":"0","leftArrow":"false","rightArrow":"false","stroke":"dotted","color":"16777215","p0":{"x":0,"y":0},"p1":{"x":0.4999999999999999,"y":0},"p2":{"x":75.31007493951245,"y":0}}}]},"attributes":{"name":"New Wireframe 9 copy 3","order":1000127.6123092113,"parentID":null,"notes":null},"branchID":"Master","resourceID":"A1A5999B-9C79-4DA0-ACC2-6623475C4F5B","mockupH":"4358","mockupW":"1289","measuredW":"1490","measuredH":"4493","version":"1.0"},"groupOffset":{"x":0,"y":0},"dependencies":[],"projectID":"file:///Users/kamranahmed/Desktop/AWS%20Roadmap.bmpr"}