{
  "github": {
    "silent": true
  },
  "trailingSlash": false,
  "redirects": [
    {
      "source": "/algorithms",
      "destination": "/coding/algorithms/"
    },
    {
      "source": "/algorithms/",
      "destination": "/coding/algorithms/"
    },
    {
      "source": "/utility-function",
      "destination": "/coding/javascript-utility-function/"
    },
    {
      "source": "/utility-function/",
      "destination": "/coding/javascript-utility-function/"
    },
    {
      "source": "/coding/utility-function",
      "destination": "/coding/javascript-utility-function/"
    },
    {
      "source": "/coding/utility-function/",
      "destination": "/coding/javascript-utility-function/"
    },
    {
      "source": "/build-user-interfaces",
      "destination": "/coding/build-front-end-user-interfaces/"
    },
    {
      "source": "/build-user-interfaces/",
      "destination": "/coding/build-front-end-user-interfaces/"
    },
    {
      "source": "/coding/build-user-interfaces",
      "destination": "/coding/build-front-end-user-interfaces/"
    },
    {
      "source": "/coding/build-user-interfaces/",
      "destination": "/coding/build-front-end-user-interfaces/"
    },
    {
      "source": "/pop-quiz",
      "destination": "/trivia/"
    },
    {
      "source": "/pop-quiz/",
      "destination": "/trivia/"
    }
  ]
}
