{
  "activities": [
    {
      "activity": "Listen to your favorite album",
      "type": "music",
      "participants": 1,
      "price": 0.08,
      "link": "",
      "key": "3136729",
      "accessibility": 0.2
    },
    {
      "activity": "Make a new friend",
      "type": "social",
      "participants": 1,
      "price": 0,
      "link": "",
      "key": "1000000",
      "accessibility": 0
    },
    {
      "activity": "Give your pet ten minutes of focused attention",
      "type": "relaxation",
      "participants": 1,
      "price": 0,
      "link": "",
      "key": "9937387",
      "accessibility": 0
    },
    {
      "activity": "Go for a run",
      "type": "recreational",
      "participants": 1,
      "price": 0,
      "link": "",
      "key": "6852505",
      "accessibility": 0.9
    },
    {
      "activity": "Plant a tree",
      "type": "recreational",
      "participants": 1,
      "price": 0.3,
      "link": "",
      "key": "1942393",
      "accessibility": 0.3
    },
    {
      "activity": "Create a cookbook with your favorite recipes",
      "type": "cooking",
      "participants": 1,
      "price": 0,
      "link": "",
      "key": "1947449",
      "accessibility": 0.05
    },
    {
      "activity": "Learn and play a new card game",
      "type": "recreational",
      "participants": 1,
      "price": 0,
      "link": "https://www.pagat.com",
      "key": "9660022",
      "accessibility": 0
    },
    {
      "activity": "Study a foreign language",
      "type": "education",
      "participants": 1,
      "price": 0,
      "link": "",
      "key": "9765530",
      "accessibility": 0.1
    },
    {
      "activity": "Research a topic you're interested in",
      "type": "education",
      "participants": 1,
      "price": 0,
      "link": "",
      "key": "3561421",
      "accessibility": 0.9
    },
    {
      "activity": "Mow your neighbor's lawn",
      "type": "charity",
      "participants": 1,
      "price": 0,
      "link": "",
      "key": "1303906",
      "accessibility": 0.2
    },
    {
      "activity": "Start a collection",
      "type": "recreational",
      "participants": 1,
      "price": 0,
      "link": "",
      "key": "1718657",
      "accessibility": 0.5
    },
    {
      "activity": "Plan a vacation you've always wanted to take",
      "type": "relaxation",
      "participants": 1,
      "price": 0,
      "link": "",
      "key": "7265395",
      "accessibility": 0.05
    },
    {
      "activity": "Text a friend you haven't talked to in a long time",
      "type": "social",
      "participants": 2,
      "price": 0.05,
      "link": "",
      "key": "6081071",
      "accessibility": 0.2
    },
    {
      "activity": "Create a compost pile",
      "type": "diy",
      "participants": 1,
      "price": 0,
      "link": "",
      "key": "8631548",
      "accessibility": 0.15
    },
    {
      "activity": "Write a short story",
      "type": "recreational",
      "participants": 1,
      "price": 0,
      "link": "",
      "key": "6301585",
      "accessibility": 0.1
    },
    {
      "activity": "Take a nap",
      "type": "relaxation",
      "participants": 1,
      "price": 0,
      "link": "",
      "key": "6184514",
      "accessibility": 0
    },
    {
      "activity": "Learn woodworking",
      "type": "diy",
      "participants": 1,
      "price": 0.3,
      "link": "",
      "key": "9216391",
      "accessibility": 0.3
    },
    {
      "activity": "Buy a new house decoration",
      "type": "recreational",
      "participants": 1,
      "price": 0.4,
      "link": "",
      "key": "3456114",
      "accessibility": 0.3
    },
    {
      "activity": "Watch a Khan Academy lecture on a subject of your choosing",
      "type": "education",
      "participants": 1,
      "price": 0,
      "link": "https://www.khanacademy.org/",
      "key": "7154873",
      "accessibility": 0
    },
    {
      "activity": "Take a nap",
      "type": "relaxation",
      "participants": 1,
      "price": 0,
      "link": "",
      "key": "6184514",
      "accessibility": 0
    },
    {
      "activity": "Organize your music collection",
      "type": "busywork",
      "participants": 1,
      "price": 0,
      "link": "",
      "key": "3151646",
      "accessibility": 0
    },
    {
      "activity": "Wash your car",
      "type": "busywork",
      "participants": 1,
      "price": 0.05,
      "link": "",
      "key": "1017771",
      "accessibility": 0.15
    },
    {
      "activity": "Visit a nearby museum",
      "type": "recreational",
      "participants": 1,
      "price": 0.2,
      "link": "",
      "key": "5490351",
      "accessibility": 0.7
    },
    {
      "activity": "Go to a music festival with some friends",
      "type": "social",
      "participants": 4,
      "price": 0.4,
      "link": "",
      "key": "6482790",
      "accessibility": 0.2
    },
    {
      "activity": "Do something you used to do as a kid",
      "type": "relaxation",
      "participants": 1,
      "price": 0.1,
      "link": "",
      "key": "8827573",
      "accessibility": 0.8
    },
    {
      "activity": "Shred old documents you don't need anymore",
      "type": "busywork",
      "participants": 1,
      "price": 0,
      "link": "",
      "key": "2430066",
      "accessibility": 0
    },
    {
      "activity": "Visit your past teachers",
      "type": "social",
      "participants": 1,
      "price": 0,
      "link": "",
      "key": "8238918",
      "accessibility": 0.7
    },
    {
      "activity": "Learn about a distributed version control system such as Git",
      "type": "education",
      "participants": 1,
      "price": 0,
      "link": "https://en.wikipedia.org/wiki/Distributed_version_control",
      "key": "9303608",
      "accessibility": 0
    },
    {
      "activity": "Go stargazing",
      "type": "relaxation",
      "participants": 1,
      "price": 0,
      "link": "",
      "key": "8832605",
      "accessibility": 0.1
    },
    {
      "activity": "Repaint a room in your house",
      "type": "recreational",
      "participants": 1,
      "price": 0.3,
      "link": "",
      "key": "4877086",
      "accessibility": 0.4
    },
    {
      "activity": "Listen to a new podcast",
      "type": "relaxation",
      "participants": 1,
      "price": 0.05,
      "link": "",
      "key": "4124860",
      "accessibility": 0.12
    },
    {
      "activity": "Make a bucket list",
      "type": "busywork",
      "participants": 1,
      "price": 0,
      "link": "",
      "key": "2735499",
      "accessibility": 0
    },
    {
      "activity": "Bake something you've never tried before",
      "type": "cooking",
      "participants": 1,
      "price": 0.4,
      "link": "",
      "key": "5665663",
      "accessibility": 0.3
    },
    {
      "activity": "Play a volleyball match with some friends",
      "type": "social",
      "participants": 4,
      "price": 0,
      "link": "",
      "key": "4306710",
      "accessibility": 0.3
    },
    {
      "activity": "Create a cookbook with your favorite recipes",
      "type": "cooking",
      "participants": 1,
      "price": 0,
      "link": "",
      "key": "1947449",
      "accessibility": 0.05
    },
    {
      "activity": "Start a family tree",
      "type": "social",
      "participants": 1,
      "price": 0,
      "link": "https://en.wikipedia.org/wiki/Family_tree",
      "key": "6825484",
      "accessibility": 1
    },
    {
      "activity": "Learn calligraphy",
      "type": "education",
      "participants": 1,
      "price": 0.1,
      "link": "",
      "key": "4565537",
      "accessibility": 0.1
    },
    {
      "activity": "Create or update your resume",
      "type": "busywork",
      "participants": 1,
      "price": 0,
      "link": "",
      "key": "9364041",
      "accessibility": 0.1
    },
    {
      "activity": "Uninstall unused apps from your devices",
      "type": "busywork",
      "participants": 1,
      "price": 0,
      "link": "",
      "key": "2850593",
      "accessibility": 0
    },
    {
      "activity": "Organize a cluttered drawer",
      "type": "busywork",
      "participants": 1,
      "price": 0,
      "link": "",
      "key": "9714586",
      "accessibility": 0
    },
    {
      "activity": "Write a song",
      "type": "music",
      "participants": 1,
      "price": 0,
      "link": "",
      "key": "5188388",
      "accessibility": 0
    },
    {
      "activity": "Play a game of Monopoly",
      "type": "social",
      "participants": 4,
      "price": 0.2,
      "link": "",
      "key": "1408058",
      "accessibility": 0.3
    },
    {
      "activity": "Go for a run",
      "type": "recreational",
      "participants": 1,
      "price": 0,
      "link": "",
      "key": "6852505",
      "accessibility": 0.9
    },
    {
      "activity": "Take a bubble bath",
      "type": "relaxation",
      "participants": 1,
      "price": 0.15,
      "link": "",
      "key": "2581372",
      "accessibility": 0.1
    },
    {
      "activity": "Wash your car",
      "type": "busywork",
      "participants": 1,
      "price": 0.05,
      "link": "",
      "key": "1017771",
      "accessibility": 0.15
    },
    {
      "activity": "Draw and color a Mandala",
      "type": "relaxation",
      "participants": 1,
      "price": 0.05,
      "link": "https://en.wikipedia.org/wiki/Mandala",
      "key": "4614092",
      "accessibility": 0.1
    },
    {
      "activity": "Take a class at your local community center that interests you",
      "type": "education",
      "participants": 1,
      "price": 0,
      "link": "",
      "key": "8750692",
      "accessibility": 0.15
    },
    {
      "activity": "Research a topic you're interested in",
      "type": "education",
      "participants": 1,
      "price": 0,
      "link": "",
      "key": "3561421",
      "accessibility": 0.9
    },
    {
      "activity": "Learn about a distributed version control system such as Git",
      "type": "education",
      "participants": 1,
      "price": 0,
      "link": "https://en.wikipedia.org/wiki/Distributed_version_control",
      "key": "9303608",
      "accessibility": 0
    },
    {
      "activity": "Make a new friend",
      "type": "social",
      "participants": 1,
      "price": 0,
      "link": "",
      "key": "1000000",
      "accessibility": 0
    },
    {
      "activity": "Learn how to make an Alexa skill",
      "type": "education",
      "participants": 1,
      "price": 0,
      "link": "https://developer.amazon.com/en-US/docs/alexa/custom-skills/steps-to-build-a-custom-skill.html",
      "key": "1592381",
      "accessibility": 0.1
    }
  ]
}
